LOG TYPE,CLIENT,MESSAGE,TIME
"notice","35.196.238.224:0] Cron reschedule event error for hook: action_scheduler_run_queue, Error code: invalid_schedule, Error message: Event schedule does not exist., Data: {""schedule"":""every_minute"",""args"":[""WP Cron""","Cron reschedule event error for hook: action_scheduler_run_queue, Error code: invalid_schedule, Error message: Event schedule does not exist., Data: {""schedule"":""every_minute"",""args"":[""WP Cron""],""interval"":60}","Fri Jun 23 2023 07:54:15 GMT+0800 (China Standard Time)"
"notice","180.195.240.245:0","auditor:event=deactivated_plugin {""plugin"":""wp-rocket/wp-rocket.php"",""network_activation"":false,""blog_id"":1,""event"":""deactivated_plugin"",""current_user_id"":15,""remote_addr"":""180.195.240.245""}, referer: https://westcoastdentl.wpengine.com/wp-admin/plugins.php","Fri Jun 23 2023 07:53:07 GMT+0800 (China Standard Time)"
"notice","180.195.240.245:0","wpeseamlessloginplugin:event=info_user_logged_in user_email=analytics@powerdigitalmarketinginc.com install_name=westcoastdentl ""User analytics@powerdigitalmarketinginc.com already logged in.""","Fri Jun 23 2023 07:51:48 GMT+0800 (China Standard Time)"
"notice","180.195.240.245:0","wpeseamlessloginplugin:event=error_on_nonce_meta_data_validation user_email=analytics@powerdigitalmarketinginc.com install_name=westcoastdentl ""Nonce 0d1fbdd85e2c8c5e62c8efef5df1d297554e4a3bed11081a6fe422742db7960f has expired by 13 seconds for User (analytics@powerdigitalmarketinginc.com).""","Fri Jun 23 2023 07:51:13 GMT+0800 (China Standard Time)"
"notice","180.195.240.245:0","auditor:event=wp_login {""user_id"":15,""blog_id"":1,""event"":""wp_login"",""current_user_id"":15,""remote_addr"":""180.195.240.245""}","Fri Jun 23 2023 07:51:13 GMT+0800 (China Standard Time)"
"notice","180.195.240.245:0","wpeseamlessloginplugin:event=login_user user_email=analytics@powerdigitalmarketinginc.com install_name=westcoastdentl ""email: { analytics@powerdigitalmarketinginc.com }, roles: { administrator }, install name: { westcoastdentl }, response time(ms): { 87 }""","Fri Jun 23 2023 07:51:13 GMT+0800 (China Standard Time)"
"notice","180.195.240.245:0","wpeseamlessloginplugin:event=info_user_not_logged_in user_email=analytics@powerdigitalmarketinginc.com install_name=westcoastdentl ""User analytics@powerdigitalmarketinginc.com not logged in. Beginning flow.""","Fri Jun 23 2023 07:51:05 GMT+0800 (China Standard Time)"
"notice","180.195.240.245:0","wpeseamlessloginplugin:event=info_user_not_logged_in user_email=analytics@powerdigitalmarketinginc.com install_name=westcoastdentl ""User analytics@powerdigitalmarketinginc.com not logged in. Beginning flow.""","Fri Jun 23 2023 07:50:13 GMT+0800 (China Standard Time)"
"notice","35.196.238.224:0","auditor:scan=fingerprint {""blog_id"":1,""kind"":""theme"",""name"":""West Coast Dental"",""slug"":""astra-child"",""ver"":""1.0.0"",""sig"":""v1:nohash""}","Fri Jun 23 2023 07:44:51 GMT+0800 (China Standard Time)"
"notice","35.196.238.224:0","auditor:scan=fingerprint {""blog_id"":1,""kind"":""theme"",""name"":""Astra"",""slug"":""astra"",""ver"":""3.4.2"",""sig"":""v1:nohash""}","Fri Jun 23 2023 07:44:51 GMT+0800 (China Standard Time)"
"notice","35.196.238.224:0","auditor:scan=fingerprint {""blog_id"":1,""kind"":""theme"",""name"":""BusinessFinder+ Child Theme"",""slug"":""businessfinder2-child"",""ver"":""1.0"",""sig"":""v1:nohash""}","Fri Jun 23 2023 07:44:51 GMT+0800 (China Standard Time)"
"notice","35.196.238.224:0","auditor:scan=fingerprint {""blog_id"":1,""kind"":""theme"",""name"":""BusinessFinder+"",""slug"":""businessfinder2"",""ver"":""3.1.8"",""sig"":""v1:nohash""}","Fri Jun 23 2023 07:44:51 GMT+0800 (China Standard Time)"
"error","180.195.240.245:0","PHP Fatal error:  Uncaught Error: Undefined constant ""get_the_permalink"" in /nas/content/live/westcoastdentl/wp-content/themes/astra-child/header.php:47\nStack trace:\n#0 /nas/content/live/westcoastdentl/wp-includes/template.php(783): require_once()\n#1 /nas/content/live/westcoastdentl/wp-includes/template.php(718): load_template('/nas/content/li...', true, Array)\n#2 /nas/content/live/westcoastdentl/wp-includes/general-template.php(48): locate_template(Array, true, true, Array)\n#3 /nas/content/live/westcoastdentl/wp-content/themes/astra/page.php(20): get_header()\n#4 /nas/content/live/westcoastdentl/wp-includes/template-loader.php(106): include('/nas/content/li...')\n#5 /nas/content/live/westcoastdentl/wp-blog-header.php(19): require_once('/nas/content/li...')\n#6 /nas/content/live/westcoastdentl/index.php(17): require('/nas/content/li...')\n#7 {main}\n  thrown in /nas/content/live/westcoastdentl/wp-content/themes/astra-child/header.php on line 47","Fri Jun 23 2023 07:53:41 GMT+0800 (China Standard Time)"
"error","35.196.238.224:0","PHP Fatal error:  Uncaught Error: Undefined constant ""get_the_permalink"" in /nas/content/live/westcoastdentl/wp-content/themes/astra-child/header.php:47\nStack trace:\n#0 /nas/content/live/westcoastdentl/wp-includes/template.php(783): require_once()\n#1 /nas/content/live/westcoastdentl/wp-includes/template.php(718): load_template('/nas/content/li...', true, Array)\n#2 /nas/content/live/westcoastdentl/wp-includes/general-template.php(48): locate_template(Array, true, true, Array)\n#3 /nas/content/live/westcoastdentl/wp-content/themes/astra/page.php(20): get_header()\n#4 /nas/content/live/westcoastdentl/wp-includes/template-loader.php(106): include('/nas/content/li...')\n#5 /nas/content/live/westcoastdentl/wp-blog-header.php(19): require_once('/nas/content/li...')\n#6 /nas/content/live/westcoastdentl/index.php(17): require('/nas/content/li...')\n#7 {main}\n  thrown in /nas/content/live/westcoastdentl/wp-content/themes/astra-child/header.php on line 47","Fri Jun 23 2023 07:53:04 GMT+0800 (China Standard Time)"
"error","35.196.238.224:0","PHP Fatal error:  Uncaught Error: Undefined constant ""get_the_permalink"" in /nas/content/live/westcoastdentl/wp-content/themes/astra-child/header.php:47\nStack trace:\n#0 /nas/content/live/westcoastdentl/wp-includes/template.php(783): require_once()\n#1 /nas/content/live/westcoastdentl/wp-includes/template.php(718): load_template('/nas/content/li...', true, Array)\n#2 /nas/content/live/westcoastdentl/wp-includes/general-template.php(48): locate_template(Array, true, true, Array)\n#3 /nas/content/live/westcoastdentl/wp-content/themes/astra/single.php(15): get_header()\n#4 /nas/content/live/westcoastdentl/wp-includes/template-loader.php(106): include('/nas/content/li...')\n#5 /nas/content/live/westcoastdentl/wp-blog-header.php(19): require_once('/nas/content/li...')\n#6 /nas/content/live/westcoastdentl/index.php(17): require('/nas/content/li...')\n#7 {main}\n  thrown in /nas/content/live/westcoastdentl/wp-content/themes/astra-child/header.php on line 47","Fri Jun 23 2023 07:52:49 GMT+0800 (China Standard Time)"
"error","35.196.238.224:0","PHP Fatal error:  Uncaught Error: Undefined constant ""get_the_permalink"" in /nas/content/live/westcoastdentl/wp-content/themes/astra-child/header.php:47\nStack trace:\n#0 /nas/content/live/westcoastdentl/wp-includes/template.php(783): require_once()\n#1 /nas/content/live/westcoastdentl/wp-includes/template.php(718): load_template('/nas/content/li...', true, Array)\n#2 /nas/content/live/westcoastdentl/wp-includes/general-template.php(48): locate_template(Array, true, true, Array)\n#3 /nas/content/live/westcoastdentl/wp-content/themes/astra/single.php(15): get_header()\n#4 /nas/content/live/westcoastdentl/wp-includes/template-loader.php(106): include('/nas/content/li...')\n#5 /nas/content/live/westcoastdentl/wp-blog-header.php(19): require_once('/nas/content/li...')\n#6 /nas/content/live/westcoastdentl/index.php(17): require('/nas/content/li...')\n#7 {main}\n  thrown in /nas/content/live/westcoastdentl/wp-content/themes/astra-child/header.php on line 47","Fri Jun 23 2023 07:52:48 GMT+0800 (China Standard Time)"
"error","35.196.238.224:0","PHP Fatal error:  Uncaught Error: Undefined constant ""get_the_permalink"" in /nas/content/live/westcoastdentl/wp-content/themes/astra-child/header.php:47\nStack trace:\n#0 /nas/content/live/westcoastdentl/wp-includes/template.php(783): require_once()\n#1 /nas/content/live/westcoastdentl/wp-includes/template.php(718): load_template('/nas/content/li...', true, Array)\n#2 /nas/content/live/westcoastdentl/wp-includes/general-template.php(48): locate_template(Array, true, true, Array)\n#3 /nas/content/live/westcoastdentl/wp-content/themes/astra/single.php(15): get_header()\n#4 /nas/content/live/westcoastdentl/wp-includes/template-loader.php(106): include('/nas/content/li...')\n#5 /nas/content/live/westcoastdentl/wp-blog-header.php(19): require_once('/nas/content/li...')\n#6 /nas/content/live/westcoastdentl/index.php(17): require('/nas/content/li...')\n#7 {main}\n  thrown in /nas/content/live/westcoastdentl/wp-content/themes/astra-child/header.php on line 47","Fri Jun 23 2023 07:52:47 GMT+0800 (China Standard Time)"
"error","35.196.238.224:0","PHP Fatal error:  Uncaught Error: Undefined constant ""get_the_permalink"" in /nas/content/live/westcoastdentl/wp-content/themes/astra-child/header.php:47\nStack trace:\n#0 /nas/content/live/westcoastdentl/wp-includes/template.php(783): require_once()\n#1 /nas/content/live/westcoastdentl/wp-includes/template.php(718): load_template('/nas/content/li...', true, Array)\n#2 /nas/content/live/westcoastdentl/wp-includes/general-template.php(48): locate_template(Array, true, true, Array)\n#3 /nas/content/live/westcoastdentl/wp-content/themes/astra/single.php(15): get_header()\n#4 /nas/content/live/westcoastdentl/wp-includes/template-loader.php(106): include('/nas/content/li...')\n#5 /nas/content/live/westcoastdentl/wp-blog-header.php(19): require_once('/nas/content/li...')\n#6 /nas/content/live/westcoastdentl/index.php(17): require('/nas/content/li...')\n#7 {main}\n  thrown in /nas/content/live/westcoastdentl/wp-content/themes/astra-child/header.php on line 47","Fri Jun 23 2023 07:52:45 GMT+0800 (China Standard Time)"
"error","35.196.238.224:0","PHP Fatal error:  Uncaught Error: Undefined constant ""get_the_permalink"" in /nas/content/live/westcoastdentl/wp-content/themes/astra-child/header.php:47\nStack trace:\n#0 /nas/content/live/westcoastdentl/wp-includes/template.php(783): require_once()\n#1 /nas/content/live/westcoastdentl/wp-includes/template.php(718): load_template('/nas/content/li...', true, Array)\n#2 /nas/content/live/westcoastdentl/wp-includes/general-template.php(48): locate_template(Array, true, true, Array)\n#3 /nas/content/live/westcoastdentl/wp-content/themes/astra/single.php(15): get_header()\n#4 /nas/content/live/westcoastdentl/wp-includes/template-loader.php(106): include('/nas/content/li...')\n#5 /nas/content/live/westcoastdentl/wp-blog-header.php(19): require_once('/nas/content/li...')\n#6 /nas/content/live/westcoastdentl/index.php(17): require('/nas/content/li...')\n#7 {main}\n  thrown in /nas/content/live/westcoastdentl/wp-content/themes/astra-child/header.php on line 47","Fri Jun 23 2023 07:52:43 GMT+0800 (China Standard Time)"
"error","35.196.238.224:0","PHP Fatal error:  Uncaught Error: Undefined constant ""get_the_permalink"" in /nas/content/live/westcoastdentl/wp-content/themes/astra-child/header.php:47\nStack trace:\n#0 /nas/content/live/westcoastdentl/wp-includes/template.php(783): require_once()\n#1 /nas/content/live/westcoastdentl/wp-includes/template.php(718): load_template('/nas/content/li...', true, Array)\n#2 /nas/content/live/westcoastdentl/wp-includes/general-template.php(48): locate_template(Array, true, true, Array)\n#3 /nas/content/live/westcoastdentl/wp-content/themes/astra/single.php(15): get_header()\n#4 /nas/content/live/westcoastdentl/wp-includes/template-loader.php(106): include('/nas/content/li...')\n#5 /nas/content/live/westcoastdentl/wp-blog-header.php(19): require_once('/nas/content/li...')\n#6 /nas/content/live/westcoastdentl/index.php(17): require('/nas/content/li...')\n#7 {main}\n  thrown in /nas/content/live/westcoastdentl/wp-content/themes/astra-child/header.php on line 47","Fri Jun 23 2023 07:52:41 GMT+0800 (China Standard Time)"
"error","35.196.238.224:0","PHP Fatal error:  Uncaught Error: Undefined constant ""get_the_permalink"" in /nas/content/live/westcoastdentl/wp-content/themes/astra-child/header.php:47\nStack trace:\n#0 /nas/content/live/westcoastdentl/wp-includes/template.php(783): require_once()\n#1 /nas/content/live/westcoastdentl/wp-includes/template.php(718): load_template('/nas/content/li...', true, Array)\n#2 /nas/content/live/westcoastdentl/wp-includes/general-template.php(48): locate_template(Array, true, true, Array)\n#3 /nas/content/live/westcoastdentl/wp-content/themes/astra/single.php(15): get_header()\n#4 /nas/content/live/westcoastdentl/wp-includes/template-loader.php(106): include('/nas/content/li...')\n#5 /nas/content/live/westcoastdentl/wp-blog-header.php(19): require_once('/nas/content/li...')\n#6 /nas/content/live/westcoastdentl/index.php(17): require('/nas/content/li...')\n#7 {main}\n  thrown in /nas/content/live/westcoastdentl/wp-content/themes/astra-child/header.php on line 47","Fri Jun 23 2023 07:52:39 GMT+0800 (China Standard Time)"
"error","35.196.238.224:0","PHP Fatal error:  Uncaught Error: Undefined constant ""get_the_permalink"" in /nas/content/live/westcoastdentl/wp-content/themes/astra-child/header.php:47\nStack trace:\n#0 /nas/content/live/westcoastdentl/wp-includes/template.php(783): require_once()\n#1 /nas/content/live/westcoastdentl/wp-includes/template.php(718): load_template('/nas/content/li...', true, Array)\n#2 /nas/content/live/westcoastdentl/wp-includes/general-template.php(48): locate_template(Array, true, true, Array)\n#3 /nas/content/live/westcoastdentl/wp-content/themes/astra/single.php(15): get_header()\n#4 /nas/content/live/westcoastdentl/wp-includes/template-loader.php(106): include('/nas/content/li...')\n#5 /nas/content/live/westcoastdentl/wp-blog-header.php(19): require_once('/nas/content/li...')\n#6 /nas/content/live/westcoastdentl/index.php(17): require('/nas/content/li...')\n#7 {main}\n  thrown in /nas/content/live/westcoastdentl/wp-content/themes/astra-child/header.php on line 47","Fri Jun 23 2023 07:52:38 GMT+0800 (China Standard Time)"
"error","35.196.238.224:0","PHP Fatal error:  Uncaught Error: Undefined constant ""get_the_permalink"" in /nas/content/live/westcoastdentl/wp-content/themes/astra-child/header.php:47\nStack trace:\n#0 /nas/content/live/westcoastdentl/wp-includes/template.php(783): require_once()\n#1 /nas/content/live/westcoastdentl/wp-includes/template.php(718): load_template('/nas/content/li...', true, Array)\n#2 /nas/content/live/westcoastdentl/wp-includes/general-template.php(48): locate_template(Array, true, true, Array)\n#3 /nas/content/live/westcoastdentl/wp-content/themes/astra/single.php(15): get_header()\n#4 /nas/content/live/westcoastdentl/wp-includes/template-loader.php(106): include('/nas/content/li...')\n#5 /nas/content/live/westcoastdentl/wp-blog-header.php(19): require_once('/nas/content/li...')\n#6 /nas/content/live/westcoastdentl/index.php(17): require('/nas/content/li...')\n#7 {main}\n  thrown in /nas/content/live/westcoastdentl/wp-content/themes/astra-child/header.php on line 47","Fri Jun 23 2023 07:52:37 GMT+0800 (China Standard Time)"
"error","35.196.238.224:0","PHP Fatal error:  Uncaught Error: Undefined constant ""get_the_permalink"" in /nas/content/live/westcoastdentl/wp-content/themes/astra-child/header.php:47\nStack trace:\n#0 /nas/content/live/westcoastdentl/wp-includes/template.php(783): require_once()\n#1 /nas/content/live/westcoastdentl/wp-includes/template.php(718): load_template('/nas/content/li...', true, Array)\n#2 /nas/content/live/westcoastdentl/wp-includes/general-template.php(48): locate_template(Array, true, true, Array)\n#3 /nas/content/live/westcoastdentl/wp-content/themes/astra/single.php(15): get_header()\n#4 /nas/content/live/westcoastdentl/wp-includes/template-loader.php(106): include('/nas/content/li...')\n#5 /nas/content/live/westcoastdentl/wp-blog-header.php(19): require_once('/nas/content/li...')\n#6 /nas/content/live/westcoastdentl/index.php(17): require('/nas/content/li...')\n#7 {main}\n  thrown in /nas/content/live/westcoastdentl/wp-content/themes/astra-child/header.php on line 47","Fri Jun 23 2023 07:52:36 GMT+0800 (China Standard Time)"
"error","35.196.238.224:0","PHP Fatal error:  Uncaught Error: Undefined constant ""get_the_permalink"" in /nas/content/live/westcoastdentl/wp-content/themes/astra-child/header.php:47\nStack trace:\n#0 /nas/content/live/westcoastdentl/wp-includes/template.php(783): require_once()\n#1 /nas/content/live/westcoastdentl/wp-includes/template.php(718): load_template('/nas/content/li...', true, Array)\n#2 /nas/content/live/westcoastdentl/wp-includes/general-template.php(48): locate_template(Array, true, true, Array)\n#3 /nas/content/live/westcoastdentl/wp-content/themes/astra/single.php(15): get_header()\n#4 /nas/content/live/westcoastdentl/wp-includes/template-loader.php(106): include('/nas/content/li...')\n#5 /nas/content/live/westcoastdentl/wp-blog-header.php(19): require_once('/nas/content/li...')\n#6 /nas/content/live/westcoastdentl/index.php(17): require('/nas/content/li...')\n#7 {main}\n  thrown in /nas/content/live/westcoastdentl/wp-content/themes/astra-child/header.php on line 47","Fri Jun 23 2023 07:52:33 GMT+0800 (China Standard Time)"
"error","35.196.238.224:0","PHP Fatal error:  Uncaught Error: Undefined constant ""get_the_permalink"" in /nas/content/live/westcoastdentl/wp-content/themes/astra-child/header.php:47\nStack trace:\n#0 /nas/content/live/westcoastdentl/wp-includes/template.php(783): require_once()\n#1 /nas/content/live/westcoastdentl/wp-includes/template.php(718): load_template('/nas/content/li...', true, Array)\n#2 /nas/content/live/westcoastdentl/wp-includes/general-template.php(48): locate_template(Array, true, true, Array)\n#3 /nas/content/live/westcoastdentl/wp-content/themes/astra/single.php(15): get_header()\n#4 /nas/content/live/westcoastdentl/wp-includes/template-loader.php(106): include('/nas/content/li...')\n#5 /nas/content/live/westcoastdentl/wp-blog-header.php(19): require_once('/nas/content/li...')\n#6 /nas/content/live/westcoastdentl/index.php(17): require('/nas/content/li...')\n#7 {main}\n  thrown in /nas/content/live/westcoastdentl/wp-content/themes/astra-child/header.php on line 47","Fri Jun 23 2023 07:52:32 GMT+0800 (China Standard Time)"
"error","35.196.238.224:0","PHP Fatal error:  Uncaught Error: Undefined constant ""get_the_permalink"" in /nas/content/live/westcoastdentl/wp-content/themes/astra-child/header.php:47\nStack trace:\n#0 /nas/content/live/westcoastdentl/wp-includes/template.php(783): require_once()\n#1 /nas/content/live/westcoastdentl/wp-includes/template.php(718): load_template('/nas/content/li...', true, Array)\n#2 /nas/content/live/westcoastdentl/wp-includes/general-template.php(48): locate_template(Array, true, true, Array)\n#3 /nas/content/live/westcoastdentl/wp-content/themes/astra/single.php(15): get_header()\n#4 /nas/content/live/westcoastdentl/wp-includes/template-loader.php(106): include('/nas/content/li...')\n#5 /nas/content/live/westcoastdentl/wp-blog-header.php(19): require_once('/nas/content/li...')\n#6 /nas/content/live/westcoastdentl/index.php(17): require('/nas/content/li...')\n#7 {main}\n  thrown in /nas/content/live/westcoastdentl/wp-content/themes/astra-child/header.php on line 47","Fri Jun 23 2023 07:52:32 GMT+0800 (China Standard Time)"
"error","35.196.238.224:0","PHP Fatal error:  Uncaught Error: Undefined constant ""get_the_permalink"" in /nas/content/live/westcoastdentl/wp-content/themes/astra-child/header.php:47\nStack trace:\n#0 /nas/content/live/westcoastdentl/wp-includes/template.php(783): require_once()\n#1 /nas/content/live/westcoastdentl/wp-includes/template.php(718): load_template('/nas/content/li...', true, Array)\n#2 /nas/content/live/westcoastdentl/wp-includes/general-template.php(48): locate_template(Array, true, true, Array)\n#3 /nas/content/live/westcoastdentl/wp-content/themes/astra/single.php(15): get_header()\n#4 /nas/content/live/westcoastdentl/wp-includes/template-loader.php(106): include('/nas/content/li...')\n#5 /nas/content/live/westcoastdentl/wp-blog-header.php(19): require_once('/nas/content/li...')\n#6 /nas/content/live/westcoastdentl/index.php(17): require('/nas/content/li...')\n#7 {main}\n  thrown in /nas/content/live/westcoastdentl/wp-content/themes/astra-child/header.php on line 47","Fri Jun 23 2023 07:52:21 GMT+0800 (China Standard Time)"
"error","35.196.238.224:0","PHP Fatal error:  Uncaught Error: Undefined constant ""get_the_permalink"" in /nas/content/live/westcoastdentl/wp-content/themes/astra-child/header.php:47\nStack trace:\n#0 /nas/content/live/westcoastdentl/wp-includes/template.php(783): require_once()\n#1 /nas/content/live/westcoastdentl/wp-includes/template.php(718): load_template('/nas/content/li...', true, Array)\n#2 /nas/content/live/westcoastdentl/wp-includes/general-template.php(48): locate_template(Array, true, true, Array)\n#3 /nas/content/live/westcoastdentl/wp-content/themes/astra/single.php(15): get_header()\n#4 /nas/content/live/westcoastdentl/wp-includes/template-loader.php(106): include('/nas/content/li...')\n#5 /nas/content/live/westcoastdentl/wp-blog-header.php(19): require_once('/nas/content/li...')\n#6 /nas/content/live/westcoastdentl/index.php(17): require('/nas/content/li...')\n#7 {main}\n  thrown in /nas/content/live/westcoastdentl/wp-content/themes/astra-child/header.php on line 47","Fri Jun 23 2023 07:52:20 GMT+0800 (China Standard Time)"
"error","35.196.238.224:0","PHP Fatal error:  Uncaught Error: Undefined constant ""get_the_permalink"" in /nas/content/live/westcoastdentl/wp-content/themes/astra-child/header.php:47\nStack trace:\n#0 /nas/content/live/westcoastdentl/wp-includes/template.php(783): require_once()\n#1 /nas/content/live/westcoastdentl/wp-includes/template.php(718): load_template('/nas/content/li...', true, Array)\n#2 /nas/content/live/westcoastdentl/wp-includes/general-template.php(48): locate_template(Array, true, true, Array)\n#3 /nas/content/live/westcoastdentl/wp-content/themes/astra/single.php(15): get_header()\n#4 /nas/content/live/westcoastdentl/wp-includes/template-loader.php(106): include('/nas/content/li...')\n#5 /nas/content/live/westcoastdentl/wp-blog-header.php(19): require_once('/nas/content/li...')\n#6 /nas/content/live/westcoastdentl/index.php(17): require('/nas/content/li...')\n#7 {main}\n  thrown in /nas/content/live/westcoastdentl/wp-content/themes/astra-child/header.php on line 47","Fri Jun 23 2023 07:52:17 GMT+0800 (China Standard Time)"
"error","35.196.238.224:0","PHP Fatal error:  Uncaught Error: Undefined constant ""get_the_permalink"" in /nas/content/live/westcoastdentl/wp-content/themes/astra-child/header.php:47\nStack trace:\n#0 /nas/content/live/westcoastdentl/wp-includes/template.php(783): require_once()\n#1 /nas/content/live/westcoastdentl/wp-includes/template.php(718): load_template('/nas/content/li...', true, Array)\n#2 /nas/content/live/westcoastdentl/wp-includes/general-template.php(48): locate_template(Array, true, true, Array)\n#3 /nas/content/live/westcoastdentl/wp-content/themes/astra/single.php(15): get_header()\n#4 /nas/content/live/westcoastdentl/wp-includes/template-loader.php(106): include('/nas/content/li...')\n#5 /nas/content/live/westcoastdentl/wp-blog-header.php(19): require_once('/nas/content/li...')\n#6 /nas/content/live/westcoastdentl/index.php(17): require('/nas/content/li...')\n#7 {main}\n  thrown in /nas/content/live/westcoastdentl/wp-content/themes/astra-child/header.php on line 47","Fri Jun 23 2023 07:52:16 GMT+0800 (China Standard Time)"
"error","35.196.238.224:0","PHP Fatal error:  Uncaught Error: Undefined constant ""get_the_permalink"" in /nas/content/live/westcoastdentl/wp-content/themes/astra-child/header.php:47\nStack trace:\n#0 /nas/content/live/westcoastdentl/wp-includes/template.php(783): require_once()\n#1 /nas/content/live/westcoastdentl/wp-includes/template.php(718): load_template('/nas/content/li...', true, Array)\n#2 /nas/content/live/westcoastdentl/wp-includes/general-template.php(48): locate_template(Array, true, true, Array)\n#3 /nas/content/live/westcoastdentl/wp-content/themes/astra/single.php(15): get_header()\n#4 /nas/content/live/westcoastdentl/wp-includes/template-loader.php(106): include('/nas/content/li...')\n#5 /nas/content/live/westcoastdentl/wp-blog-header.php(19): require_once('/nas/content/li...')\n#6 /nas/content/live/westcoastdentl/index.php(17): require('/nas/content/li...')\n#7 {main}\n  thrown in /nas/content/live/westcoastdentl/wp-content/themes/astra-child/header.php on line 47","Fri Jun 23 2023 07:52:14 GMT+0800 (China Standard Time)"
"error","35.196.238.224:0","PHP Fatal error:  Uncaught Error: Undefined constant ""get_the_permalink"" in /nas/content/live/westcoastdentl/wp-content/themes/astra-child/header.php:47\nStack trace:\n#0 /nas/content/live/westcoastdentl/wp-includes/template.php(783): require_once()\n#1 /nas/content/live/westcoastdentl/wp-includes/template.php(718): load_template('/nas/content/li...', true, Array)\n#2 /nas/content/live/westcoastdentl/wp-includes/general-template.php(48): locate_template(Array, true, true, Array)\n#3 /nas/content/live/westcoastdentl/wp-content/themes/astra/single.php(15): get_header()\n#4 /nas/content/live/westcoastdentl/wp-includes/template-loader.php(106): include('/nas/content/li...')\n#5 /nas/content/live/westcoastdentl/wp-blog-header.php(19): require_once('/nas/content/li...')\n#6 /nas/content/live/westcoastdentl/index.php(17): require('/nas/content/li...')\n#7 {main}\n  thrown in /nas/content/live/westcoastdentl/wp-content/themes/astra-child/header.php on line 47","Fri Jun 23 2023 07:52:13 GMT+0800 (China Standard Time)"
"error","180.195.240.245:0","PHP Fatal error:  Uncaught Error: Undefined constant ""get_the_permalink"" in /nas/content/live/westcoastdentl/wp-content/themes/astra-child/header.php:47\nStack trace:\n#0 /nas/content/live/westcoastdentl/wp-includes/template.php(783): require_once()\n#1 /nas/content/live/westcoastdentl/wp-includes/template.php(718): load_template('/nas/content/li...', true, Array)\n#2 /nas/content/live/westcoastdentl/wp-includes/general-template.php(48): locate_template(Array, true, true, Array)\n#3 /nas/content/live/westcoastdentl/wp-content/themes/astra/page.php(20): get_header()\n#4 /nas/content/live/westcoastdentl/wp-includes/template-loader.php(106): include('/nas/content/li...')\n#5 /nas/content/live/westcoastdentl/wp-blog-header.php(19): require_once('/nas/content/li...')\n#6 /nas/content/live/westcoastdentl/index.php(17): require('/nas/content/li...')\n#7 {main}\n  thrown in /nas/content/live/westcoastdentl/wp-content/themes/astra-child/header.php on line 47, referer: https://westcoastdentl.wpengine.com/wp-admin/","Fri Jun 23 2023 07:52:12 GMT+0800 (China Standard Time)"
"error","35.196.238.224:0","PHP Fatal error:  Uncaught Error: Undefined constant ""get_the_permalink"" in /nas/content/live/westcoastdentl/wp-content/themes/astra-child/header.php:47\nStack trace:\n#0 /nas/content/live/westcoastdentl/wp-includes/template.php(783): require_once()\n#1 /nas/content/live/westcoastdentl/wp-includes/template.php(718): load_template('/nas/content/li...', true, Array)\n#2 /nas/content/live/westcoastdentl/wp-includes/general-template.php(48): locate_template(Array, true, true, Array)\n#3 /nas/content/live/westcoastdentl/wp-content/themes/astra/single.php(15): get_header()\n#4 /nas/content/live/westcoastdentl/wp-includes/template-loader.php(106): include('/nas/content/li...')\n#5 /nas/content/live/westcoastdentl/wp-blog-header.php(19): require_once('/nas/content/li...')\n#6 /nas/content/live/westcoastdentl/index.php(17): require('/nas/content/li...')\n#7 {main}\n  thrown in /nas/content/live/westcoastdentl/wp-content/themes/astra-child/header.php on line 47","Fri Jun 23 2023 07:52:11 GMT+0800 (China Standard Time)"
"error","35.196.238.224:0","PHP Fatal error:  Uncaught Error: Undefined constant ""get_the_permalink"" in /nas/content/live/westcoastdentl/wp-content/themes/astra-child/header.php:47\nStack trace:\n#0 /nas/content/live/westcoastdentl/wp-includes/template.php(783): require_once()\n#1 /nas/content/live/westcoastdentl/wp-includes/template.php(718): load_template('/nas/content/li...', true, Array)\n#2 /nas/content/live/westcoastdentl/wp-includes/general-template.php(48): locate_template(Array, true, true, Array)\n#3 /nas/content/live/westcoastdentl/wp-content/themes/astra/single.php(15): get_header()\n#4 /nas/content/live/westcoastdentl/wp-includes/template-loader.php(106): include('/nas/content/li...')\n#5 /nas/content/live/westcoastdentl/wp-blog-header.php(19): require_once('/nas/content/li...')\n#6 /nas/content/live/westcoastdentl/index.php(17): require('/nas/content/li...')\n#7 {main}\n  thrown in /nas/content/live/westcoastdentl/wp-content/themes/astra-child/header.php on line 47","Fri Jun 23 2023 07:52:09 GMT+0800 (China Standard Time)"
"error","35.196.238.224:0","PHP Fatal error:  Uncaught Error: Undefined constant ""get_the_permalink"" in /nas/content/live/westcoastdentl/wp-content/themes/astra-child/header.php:47\nStack trace:\n#0 /nas/content/live/westcoastdentl/wp-includes/template.php(783): require_once()\n#1 /nas/content/live/westcoastdentl/wp-includes/template.php(718): load_template('/nas/content/li...', true, Array)\n#2 /nas/content/live/westcoastdentl/wp-includes/general-template.php(48): locate_template(Array, true, true, Array)\n#3 /nas/content/live/westcoastdentl/wp-content/themes/astra/single.php(15): get_header()\n#4 /nas/content/live/westcoastdentl/wp-includes/template-loader.php(106): include('/nas/content/li...')\n#5 /nas/content/live/westcoastdentl/wp-blog-header.php(19): require_once('/nas/content/li...')\n#6 /nas/content/live/westcoastdentl/index.php(17): require('/nas/content/li...')\n#7 {main}\n  thrown in /nas/content/live/westcoastdentl/wp-content/themes/astra-child/header.php on line 47","Fri Jun 23 2023 07:52:08 GMT+0800 (China Standard Time)"
"error","35.196.238.224:0","PHP Fatal error:  Uncaught Error: Undefined constant ""get_the_permalink"" in /nas/content/live/westcoastdentl/wp-content/themes/astra-child/header.php:47\nStack trace:\n#0 /nas/content/live/westcoastdentl/wp-includes/template.php(783): require_once()\n#1 /nas/content/live/westcoastdentl/wp-includes/template.php(718): load_template('/nas/content/li...', true, Array)\n#2 /nas/content/live/westcoastdentl/wp-includes/general-template.php(48): locate_template(Array, true, true, Array)\n#3 /nas/content/live/westcoastdentl/wp-content/themes/astra/single.php(15): get_header()\n#4 /nas/content/live/westcoastdentl/wp-includes/template-loader.php(106): include('/nas/content/li...')\n#5 /nas/content/live/westcoastdentl/wp-blog-header.php(19): require_once('/nas/content/li...')\n#6 /nas/content/live/westcoastdentl/index.php(17): require('/nas/content/li...')\n#7 {main}\n  thrown in /nas/content/live/westcoastdentl/wp-content/themes/astra-child/header.php on line 47","Fri Jun 23 2023 07:52:07 GMT+0800 (China Standard Time)"
"error","35.196.238.224:0","PHP Fatal error:  Uncaught Error: Undefined constant ""get_the_permalink"" in /nas/content/live/westcoastdentl/wp-content/themes/astra-child/header.php:47\nStack trace:\n#0 /nas/content/live/westcoastdentl/wp-includes/template.php(783): require_once()\n#1 /nas/content/live/westcoastdentl/wp-includes/template.php(718): load_template('/nas/content/li...', true, Array)\n#2 /nas/content/live/westcoastdentl/wp-includes/general-template.php(48): locate_template(Array, true, true, Array)\n#3 /nas/content/live/westcoastdentl/wp-content/themes/astra/single.php(15): get_header()\n#4 /nas/content/live/westcoastdentl/wp-includes/template-loader.php(106): include('/nas/content/li...')\n#5 /nas/content/live/westcoastdentl/wp-blog-header.php(19): require_once('/nas/content/li...')\n#6 /nas/content/live/westcoastdentl/index.php(17): require('/nas/content/li...')\n#7 {main}\n  thrown in /nas/content/live/westcoastdentl/wp-content/themes/astra-child/header.php on line 47","Fri Jun 23 2023 07:52:06 GMT+0800 (China Standard Time)"
"error","35.196.238.224:0","PHP Fatal error:  Uncaught Error: Undefined constant ""get_the_permalink"" in /nas/content/live/westcoastdentl/wp-content/themes/astra-child/header.php:47\nStack trace:\n#0 /nas/content/live/westcoastdentl/wp-includes/template.php(783): require_once()\n#1 /nas/content/live/westcoastdentl/wp-includes/template.php(718): load_template('/nas/content/li...', true, Array)\n#2 /nas/content/live/westcoastdentl/wp-includes/general-template.php(48): locate_template(Array, true, true, Array)\n#3 /nas/content/live/westcoastdentl/wp-content/themes/astra/single.php(15): get_header()\n#4 /nas/content/live/westcoastdentl/wp-includes/template-loader.php(106): include('/nas/content/li...')\n#5 /nas/content/live/westcoastdentl/wp-blog-header.php(19): require_once('/nas/content/li...')\n#6 /nas/content/live/westcoastdentl/index.php(17): require('/nas/content/li...')\n#7 {main}\n  thrown in /nas/content/live/westcoastdentl/wp-content/themes/astra-child/header.php on line 47","Fri Jun 23 2023 07:52:05 GMT+0800 (China Standard Time)"
"error","35.196.238.224:0","PHP Fatal error:  Uncaught Error: Undefined constant ""get_the_permalink"" in /nas/content/live/westcoastdentl/wp-content/themes/astra-child/header.php:47\nStack trace:\n#0 /nas/content/live/westcoastdentl/wp-includes/template.php(783): require_once()\n#1 /nas/content/live/westcoastdentl/wp-includes/template.php(718): load_template('/nas/content/li...', true, Array)\n#2 /nas/content/live/westcoastdentl/wp-includes/general-template.php(48): locate_template(Array, true, true, Array)\n#3 /nas/content/live/westcoastdentl/wp-content/themes/astra/single.php(15): get_header()\n#4 /nas/content/live/westcoastdentl/wp-includes/template-loader.php(106): include('/nas/content/li...')\n#5 /nas/content/live/westcoastdentl/wp-blog-header.php(19): require_once('/nas/content/li...')\n#6 /nas/content/live/westcoastdentl/index.php(17): require('/nas/content/li...')\n#7 {main}\n  thrown in /nas/content/live/westcoastdentl/wp-content/themes/astra-child/header.php on line 47","Fri Jun 23 2023 07:52:02 GMT+0800 (China Standard Time)"
"error","35.196.238.224:0","PHP Fatal error:  Uncaught Error: Undefined constant ""get_the_permalink"" in /nas/content/live/westcoastdentl/wp-content/themes/astra-child/header.php:47\nStack trace:\n#0 /nas/content/live/westcoastdentl/wp-includes/template.php(783): require_once()\n#1 /nas/content/live/westcoastdentl/wp-includes/template.php(718): load_template('/nas/content/li...', true, Array)\n#2 /nas/content/live/westcoastdentl/wp-includes/general-template.php(48): locate_template(Array, true, true, Array)\n#3 /nas/content/live/westcoastdentl/wp-content/themes/astra/single.php(15): get_header()\n#4 /nas/content/live/westcoastdentl/wp-includes/template-loader.php(106): include('/nas/content/li...')\n#5 /nas/content/live/westcoastdentl/wp-blog-header.php(19): require_once('/nas/content/li...')\n#6 /nas/content/live/westcoastdentl/index.php(17): require('/nas/content/li...')\n#7 {main}\n  thrown in /nas/content/live/westcoastdentl/wp-content/themes/astra-child/header.php on line 47","Fri Jun 23 2023 07:52:00 GMT+0800 (China Standard Time)"
"error","35.196.238.224:0","PHP Fatal error:  Uncaught Error: Undefined constant ""get_the_permalink"" in /nas/content/live/westcoastdentl/wp-content/themes/astra-child/header.php:47\nStack trace:\n#0 /nas/content/live/westcoastdentl/wp-includes/template.php(783): require_once()\n#1 /nas/content/live/westcoastdentl/wp-includes/template.php(718): load_template('/nas/content/li...', true, Array)\n#2 /nas/content/live/westcoastdentl/wp-includes/general-template.php(48): locate_template(Array, true, true, Array)\n#3 /nas/content/live/westcoastdentl/wp-content/themes/astra/single.php(15): get_header()\n#4 /nas/content/live/westcoastdentl/wp-includes/template-loader.php(106): include('/nas/content/li...')\n#5 /nas/content/live/westcoastdentl/wp-blog-header.php(19): require_once('/nas/content/li...')\n#6 /nas/content/live/westcoastdentl/index.php(17): require('/nas/content/li...')\n#7 {main}\n  thrown in /nas/content/live/westcoastdentl/wp-content/themes/astra-child/header.php on line 47","Fri Jun 23 2023 07:51:58 GMT+0800 (China Standard Time)"
"error","35.196.238.224:0","PHP Fatal error:  Uncaught Error: Undefined constant ""get_the_permalink"" in /nas/content/live/westcoastdentl/wp-content/themes/astra-child/header.php:47\nStack trace:\n#0 /nas/content/live/westcoastdentl/wp-includes/template.php(783): require_once()\n#1 /nas/content/live/westcoastdentl/wp-includes/template.php(718): load_template('/nas/content/li...', true, Array)\n#2 /nas/content/live/westcoastdentl/wp-includes/general-template.php(48): locate_template(Array, true, true, Array)\n#3 /nas/content/live/westcoastdentl/wp-content/themes/astra/single.php(15): get_header()\n#4 /nas/content/live/westcoastdentl/wp-includes/template-loader.php(106): include('/nas/content/li...')\n#5 /nas/content/live/westcoastdentl/wp-blog-header.php(19): require_once('/nas/content/li...')\n#6 /nas/content/live/westcoastdentl/index.php(17): require('/nas/content/li...')\n#7 {main}\n  thrown in /nas/content/live/westcoastdentl/wp-content/themes/astra-child/header.php on line 47","Fri Jun 23 2023 07:51:57 GMT+0800 (China Standard Time)"
"error","35.196.238.224:0","PHP Fatal error:  Uncaught Error: Undefined constant ""get_the_permalink"" in /nas/content/live/westcoastdentl/wp-content/themes/astra-child/header.php:47\nStack trace:\n#0 /nas/content/live/westcoastdentl/wp-includes/template.php(783): require_once()\n#1 /nas/content/live/westcoastdentl/wp-includes/template.php(718): load_template('/nas/content/li...', true, Array)\n#2 /nas/content/live/westcoastdentl/wp-includes/general-template.php(48): locate_template(Array, true, true, Array)\n#3 /nas/content/live/westcoastdentl/wp-content/themes/astra/single.php(15): get_header()\n#4 /nas/content/live/westcoastdentl/wp-includes/template-loader.php(106): include('/nas/content/li...')\n#5 /nas/content/live/westcoastdentl/wp-blog-header.php(19): require_once('/nas/content/li...')\n#6 /nas/content/live/westcoastdentl/index.php(17): require('/nas/content/li...')\n#7 {main}\n  thrown in /nas/content/live/westcoastdentl/wp-content/themes/astra-child/header.php on line 47","Fri Jun 23 2023 07:51:48 GMT+0800 (China Standard Time)"
"error","35.196.238.224:0","PHP Fatal error:  Uncaught Error: Undefined constant ""get_the_permalink"" in /nas/content/live/westcoastdentl/wp-content/themes/astra-child/header.php:47\nStack trace:\n#0 /nas/content/live/westcoastdentl/wp-includes/template.php(783): require_once()\n#1 /nas/content/live/westcoastdentl/wp-includes/template.php(718): load_template('/nas/content/li...', true, Array)\n#2 /nas/content/live/westcoastdentl/wp-includes/general-template.php(48): locate_template(Array, true, true, Array)\n#3 /nas/content/live/westcoastdentl/wp-content/themes/astra/single.php(15): get_header()\n#4 /nas/content/live/westcoastdentl/wp-includes/template-loader.php(106): include('/nas/content/li...')\n#5 /nas/content/live/westcoastdentl/wp-blog-header.php(19): require_once('/nas/content/li...')\n#6 /nas/content/live/westcoastdentl/index.php(17): require('/nas/content/li...')\n#7 {main}\n  thrown in /nas/content/live/westcoastdentl/wp-content/themes/astra-child/header.php on line 47","Fri Jun 23 2023 07:51:46 GMT+0800 (China Standard Time)"
"error","35.196.238.224:0","PHP Fatal error:  Uncaught Error: Undefined constant ""get_the_permalink"" in /nas/content/live/westcoastdentl/wp-content/themes/astra-child/header.php:47\nStack trace:\n#0 /nas/content/live/westcoastdentl/wp-includes/template.php(783): require_once()\n#1 /nas/content/live/westcoastdentl/wp-includes/template.php(718): load_template('/nas/content/li...', true, Array)\n#2 /nas/content/live/westcoastdentl/wp-includes/general-template.php(48): locate_template(Array, true, true, Array)\n#3 /nas/content/live/westcoastdentl/wp-content/themes/astra/single.php(15): get_header()\n#4 /nas/content/live/westcoastdentl/wp-includes/template-loader.php(106): include('/nas/content/li...')\n#5 /nas/content/live/westcoastdentl/wp-blog-header.php(19): require_once('/nas/content/li...')\n#6 /nas/content/live/westcoastdentl/index.php(17): require('/nas/content/li...')\n#7 {main}\n  thrown in /nas/content/live/westcoastdentl/wp-content/themes/astra-child/header.php on line 47","Fri Jun 23 2023 07:51:45 GMT+0800 (China Standard Time)"
"error","35.196.238.224:0","PHP Fatal error:  Uncaught Error: Undefined constant ""get_the_permalink"" in /nas/content/live/westcoastdentl/wp-content/themes/astra-child/header.php:47\nStack trace:\n#0 /nas/content/live/westcoastdentl/wp-includes/template.php(783): require_once()\n#1 /nas/content/live/westcoastdentl/wp-includes/template.php(718): load_template('/nas/content/li...', true, Array)\n#2 /nas/content/live/westcoastdentl/wp-includes/general-template.php(48): locate_template(Array, true, true, Array)\n#3 /nas/content/live/westcoastdentl/wp-content/themes/astra/single.php(15): get_header()\n#4 /nas/content/live/westcoastdentl/wp-includes/template-loader.php(106): include('/nas/content/li...')\n#5 /nas/content/live/westcoastdentl/wp-blog-header.php(19): require_once('/nas/content/li...')\n#6 /nas/content/live/westcoastdentl/index.php(17): require('/nas/content/li...')\n#7 {main}\n  thrown in /nas/content/live/westcoastdentl/wp-content/themes/astra-child/header.php on line 47","Fri Jun 23 2023 07:51:44 GMT+0800 (China Standard Time)"
"error","35.196.238.224:0","PHP Fatal error:  Uncaught Error: Undefined constant ""get_the_permalink"" in /nas/content/live/westcoastdentl/wp-content/themes/astra-child/header.php:47\nStack trace:\n#0 /nas/content/live/westcoastdentl/wp-includes/template.php(783): require_once()\n#1 /nas/content/live/westcoastdentl/wp-includes/template.php(718): load_template('/nas/content/li...', true, Array)\n#2 /nas/content/live/westcoastdentl/wp-includes/general-template.php(48): locate_template(Array, true, true, Array)\n#3 /nas/content/live/westcoastdentl/wp-content/themes/astra/single.php(15): get_header()\n#4 /nas/content/live/westcoastdentl/wp-includes/template-loader.php(106): include('/nas/content/li...')\n#5 /nas/content/live/westcoastdentl/wp-blog-header.php(19): require_once('/nas/content/li...')\n#6 /nas/content/live/westcoastdentl/index.php(17): require('/nas/content/li...')\n#7 {main}\n  thrown in /nas/content/live/westcoastdentl/wp-content/themes/astra-child/header.php on line 47","Fri Jun 23 2023 07:51:42 GMT+0800 (China Standard Time)"
"error","35.196.238.224:0","PHP Fatal error:  Uncaught Error: Undefined constant ""get_the_permalink"" in /nas/content/live/westcoastdentl/wp-content/themes/astra-child/header.php:47\nStack trace:\n#0 /nas/content/live/westcoastdentl/wp-includes/template.php(783): require_once()\n#1 /nas/content/live/westcoastdentl/wp-includes/template.php(718): load_template('/nas/content/li...', true, Array)\n#2 /nas/content/live/westcoastdentl/wp-includes/general-template.php(48): locate_template(Array, true, true, Array)\n#3 /nas/content/live/westcoastdentl/wp-content/themes/astra/single.php(15): get_header()\n#4 /nas/content/live/westcoastdentl/wp-includes/template-loader.php(106): include('/nas/content/li...')\n#5 /nas/content/live/westcoastdentl/wp-blog-header.php(19): require_once('/nas/content/li...')\n#6 /nas/content/live/westcoastdentl/index.php(17): require('/nas/content/li...')\n#7 {main}\n  thrown in /nas/content/live/westcoastdentl/wp-content/themes/astra-child/header.php on line 47","Fri Jun 23 2023 07:51:40 GMT+0800 (China Standard Time)"
"error","35.196.238.224:0","PHP Fatal error:  Uncaught Error: Undefined constant ""get_the_permalink"" in /nas/content/live/westcoastdentl/wp-content/themes/astra-child/header.php:47\nStack trace:\n#0 /nas/content/live/westcoastdentl/wp-includes/template.php(783): require_once()\n#1 /nas/content/live/westcoastdentl/wp-includes/template.php(718): load_template('/nas/content/li...', true, Array)\n#2 /nas/content/live/westcoastdentl/wp-includes/general-template.php(48): locate_template(Array, true, true, Array)\n#3 /nas/content/live/westcoastdentl/wp-content/themes/astra/single.php(15): get_header()\n#4 /nas/content/live/westcoastdentl/wp-includes/template-loader.php(106): include('/nas/content/li...')\n#5 /nas/content/live/westcoastdentl/wp-blog-header.php(19): require_once('/nas/content/li...')\n#6 /nas/content/live/westcoastdentl/index.php(17): require('/nas/content/li...')\n#7 {main}\n  thrown in /nas/content/live/westcoastdentl/wp-content/themes/astra-child/header.php on line 47","Fri Jun 23 2023 07:51:39 GMT+0800 (China Standard Time)"
"error","35.196.238.224:0","PHP Fatal error:  Uncaught Error: Undefined constant ""get_the_permalink"" in /nas/content/live/westcoastdentl/wp-content/themes/astra-child/header.php:47\nStack trace:\n#0 /nas/content/live/westcoastdentl/wp-includes/template.php(783): require_once()\n#1 /nas/content/live/westcoastdentl/wp-includes/template.php(718): load_template('/nas/content/li...', true, Array)\n#2 /nas/content/live/westcoastdentl/wp-includes/general-template.php(48): locate_template(Array, true, true, Array)\n#3 /nas/content/live/westcoastdentl/wp-content/themes/astra/single.php(15): get_header()\n#4 /nas/content/live/westcoastdentl/wp-includes/template-loader.php(106): include('/nas/content/li...')\n#5 /nas/content/live/westcoastdentl/wp-blog-header.php(19): require_once('/nas/content/li...')\n#6 /nas/content/live/westcoastdentl/index.php(17): require('/nas/content/li...')\n#7 {main}\n  thrown in /nas/content/live/westcoastdentl/wp-content/themes/astra-child/header.php on line 47","Fri Jun 23 2023 07:51:37 GMT+0800 (China Standard Time)"
"error","35.196.238.224:0","PHP Fatal error:  Uncaught Error: Undefined constant ""get_the_permalink"" in /nas/content/live/westcoastdentl/wp-content/themes/astra-child/header.php:47\nStack trace:\n#0 /nas/content/live/westcoastdentl/wp-includes/template.php(783): require_once()\n#1 /nas/content/live/westcoastdentl/wp-includes/template.php(718): load_template('/nas/content/li...', true, Array)\n#2 /nas/content/live/westcoastdentl/wp-includes/general-template.php(48): locate_template(Array, true, true, Array)\n#3 /nas/content/live/westcoastdentl/wp-content/themes/astra/single.php(15): get_header()\n#4 /nas/content/live/westcoastdentl/wp-includes/template-loader.php(106): include('/nas/content/li...')\n#5 /nas/content/live/westcoastdentl/wp-blog-header.php(19): require_once('/nas/content/li...')\n#6 /nas/content/live/westcoastdentl/index.php(17): require('/nas/content/li...')\n#7 {main}\n  thrown in /nas/content/live/westcoastdentl/wp-content/themes/astra-child/header.php on line 47","Fri Jun 23 2023 07:51:36 GMT+0800 (China Standard Time)"
"error","35.196.238.224:0","PHP Fatal error:  Uncaught Error: Undefined constant ""get_the_permalink"" in /nas/content/live/westcoastdentl/wp-content/themes/astra-child/header.php:47\nStack trace:\n#0 /nas/content/live/westcoastdentl/wp-includes/template.php(783): require_once()\n#1 /nas/content/live/westcoastdentl/wp-includes/template.php(718): load_template('/nas/content/li...', true, Array)\n#2 /nas/content/live/westcoastdentl/wp-includes/general-template.php(48): locate_template(Array, true, true, Array)\n#3 /nas/content/live/westcoastdentl/wp-content/themes/astra/single.php(15): get_header()\n#4 /nas/content/live/westcoastdentl/wp-includes/template-loader.php(106): include('/nas/content/li...')\n#5 /nas/content/live/westcoastdentl/wp-blog-header.php(19): require_once('/nas/content/li...')\n#6 /nas/content/live/westcoastdentl/index.php(17): require('/nas/content/li...')\n#7 {main}\n  thrown in /nas/content/live/westcoastdentl/wp-content/themes/astra-child/header.php on line 47","Fri Jun 23 2023 07:51:35 GMT+0800 (China Standard Time)"
"error","35.196.238.224:0","PHP Fatal error:  Uncaught Error: Undefined constant ""get_the_permalink"" in /nas/content/live/westcoastdentl/wp-content/themes/astra-child/header.php:47\nStack trace:\n#0 /nas/content/live/westcoastdentl/wp-includes/template.php(783): require_once()\n#1 /nas/content/live/westcoastdentl/wp-includes/template.php(718): load_template('/nas/content/li...', true, Array)\n#2 /nas/content/live/westcoastdentl/wp-includes/general-template.php(48): locate_template(Array, true, true, Array)\n#3 /nas/content/live/westcoastdentl/wp-content/themes/astra/single.php(15): get_header()\n#4 /nas/content/live/westcoastdentl/wp-includes/template-loader.php(106): include('/nas/content/li...')\n#5 /nas/content/live/westcoastdentl/wp-blog-header.php(19): require_once('/nas/content/li...')\n#6 /nas/content/live/westcoastdentl/index.php(17): require('/nas/content/li...')\n#7 {main}\n  thrown in /nas/content/live/westcoastdentl/wp-content/themes/astra-child/header.php on line 47","Fri Jun 23 2023 07:51:33 GMT+0800 (China Standard Time)"
"error","35.196.238.224:0","PHP Fatal error:  Uncaught Error: Undefined constant ""get_the_permalink"" in /nas/content/live/westcoastdentl/wp-content/themes/astra-child/header.php:47\nStack trace:\n#0 /nas/content/live/westcoastdentl/wp-includes/template.php(783): require_once()\n#1 /nas/content/live/westcoastdentl/wp-includes/template.php(718): load_template('/nas/content/li...', true, Array)\n#2 /nas/content/live/westcoastdentl/wp-includes/general-template.php(48): locate_template(Array, true, true, Array)\n#3 /nas/content/live/westcoastdentl/wp-content/themes/astra/single.php(15): get_header()\n#4 /nas/content/live/westcoastdentl/wp-includes/template-loader.php(106): include('/nas/content/li...')\n#5 /nas/content/live/westcoastdentl/wp-blog-header.php(19): require_once('/nas/content/li...')\n#6 /nas/content/live/westcoastdentl/index.php(17): require('/nas/content/li...')\n#7 {main}\n  thrown in /nas/content/live/westcoastdentl/wp-content/themes/astra-child/header.php on line 47","Fri Jun 23 2023 07:51:32 GMT+0800 (China Standard Time)"
"error","35.196.238.224:0","PHP Fatal error:  Uncaught Error: Undefined constant ""get_the_permalink"" in /nas/content/live/westcoastdentl/wp-content/themes/astra-child/header.php:47\nStack trace:\n#0 /nas/content/live/westcoastdentl/wp-includes/template.php(783): require_once()\n#1 /nas/content/live/westcoastdentl/wp-includes/template.php(718): load_template('/nas/content/li...', true, Array)\n#2 /nas/content/live/westcoastdentl/wp-includes/general-template.php(48): locate_template(Array, true, true, Array)\n#3 /nas/content/live/westcoastdentl/wp-content/themes/astra/single.php(15): get_header()\n#4 /nas/content/live/westcoastdentl/wp-includes/template-loader.php(106): include('/nas/content/li...')\n#5 /nas/content/live/westcoastdentl/wp-blog-header.php(19): require_once('/nas/content/li...')\n#6 /nas/content/live/westcoastdentl/index.php(17): require('/nas/content/li...')\n#7 {main}\n  thrown in /nas/content/live/westcoastdentl/wp-content/themes/astra-child/header.php on line 47","Fri Jun 23 2023 07:51:32 GMT+0800 (China Standard Time)"
"error","180.195.240.245:0","PHP Fatal error:  Uncaught Error: Undefined constant ""get_the_permalink"" in /nas/content/live/westcoastdentl/wp-content/themes/astra-child/header.php:47\nStack trace:\n#0 /nas/content/live/westcoastdentl/wp-includes/template.php(783): require_once()\n#1 /nas/content/live/westcoastdentl/wp-includes/template.php(718): load_template('/nas/content/li...', true, Array)\n#2 /nas/content/live/westcoastdentl/wp-includes/general-template.php(48): locate_template(Array, true, true, Array)\n#3 /nas/content/live/westcoastdentl/wp-content/themes/astra/page.php(20): get_header()\n#4 /nas/content/live/westcoastdentl/wp-includes/template-loader.php(106): include('/nas/content/li...')\n#5 /nas/content/live/westcoastdentl/wp-blog-header.php(19): require_once('/nas/content/li...')\n#6 /nas/content/live/westcoastdentl/index.php(17): require('/nas/content/li...')\n#7 {main}\n  thrown in /nas/content/live/westcoastdentl/wp-content/themes/astra-child/header.php on line 47, referer: https://westcoastdentl.wpengine.com/wp-admin/","Fri Jun 23 2023 07:51:30 GMT+0800 (China Standard Time)"
"error","35.196.238.224:0","PHP Fatal error:  Uncaught Error: Undefined constant ""get_the_permalink"" in /nas/content/live/westcoastdentl/wp-content/themes/astra-child/header.php:47\nStack trace:\n#0 /nas/content/live/westcoastdentl/wp-includes/template.php(783): require_once()\n#1 /nas/content/live/westcoastdentl/wp-includes/template.php(718): load_template('/nas/content/li...', true, Array)\n#2 /nas/content/live/westcoastdentl/wp-includes/general-template.php(48): locate_template(Array, true, true, Array)\n#3 /nas/content/live/westcoastdentl/wp-content/themes/astra/single.php(15): get_header()\n#4 /nas/content/live/westcoastdentl/wp-includes/template-loader.php(106): include('/nas/content/li...')\n#5 /nas/content/live/westcoastdentl/wp-blog-header.php(19): require_once('/nas/content/li...')\n#6 /nas/content/live/westcoastdentl/index.php(17): require('/nas/content/li...')\n#7 {main}\n  thrown in /nas/content/live/westcoastdentl/wp-content/themes/astra-child/header.php on line 47","Fri Jun 23 2023 07:51:29 GMT+0800 (China Standard Time)"
"error","35.196.238.224:0","PHP Fatal error:  Uncaught Error: Undefined constant ""get_the_permalink"" in /nas/content/live/westcoastdentl/wp-content/themes/astra-child/header.php:47\nStack trace:\n#0 /nas/content/live/westcoastdentl/wp-includes/template.php(783): require_once()\n#1 /nas/content/live/westcoastdentl/wp-includes/template.php(718): load_template('/nas/content/li...', true, Array)\n#2 /nas/content/live/westcoastdentl/wp-includes/general-template.php(48): locate_template(Array, true, true, Array)\n#3 /nas/content/live/westcoastdentl/wp-content/themes/astra/single.php(15): get_header()\n#4 /nas/content/live/westcoastdentl/wp-includes/template-loader.php(106): include('/nas/content/li...')\n#5 /nas/content/live/westcoastdentl/wp-blog-header.php(19): require_once('/nas/content/li...')\n#6 /nas/content/live/westcoastdentl/index.php(17): require('/nas/content/li...')\n#7 {main}\n  thrown in /nas/content/live/westcoastdentl/wp-content/themes/astra-child/header.php on line 47","Fri Jun 23 2023 07:51:27 GMT+0800 (China Standard Time)"
"error","35.196.238.224:0","PHP Fatal error:  Uncaught Error: Undefined constant ""get_the_permalink"" in /nas/content/live/westcoastdentl/wp-content/themes/astra-child/header.php:47\nStack trace:\n#0 /nas/content/live/westcoastdentl/wp-includes/template.php(783): require_once()\n#1 /nas/content/live/westcoastdentl/wp-includes/template.php(718): load_template('/nas/content/li...', true, Array)\n#2 /nas/content/live/westcoastdentl/wp-includes/general-template.php(48): locate_template(Array, true, true, Array)\n#3 /nas/content/live/westcoastdentl/wp-content/themes/astra/single.php(15): get_header()\n#4 /nas/content/live/westcoastdentl/wp-includes/template-loader.php(106): include('/nas/content/li...')\n#5 /nas/content/live/westcoastdentl/wp-blog-header.php(19): require_once('/nas/content/li...')\n#6 /nas/content/live/westcoastdentl/index.php(17): require('/nas/content/li...')\n#7 {main}\n  thrown in /nas/content/live/westcoastdentl/wp-content/themes/astra-child/header.php on line 47","Fri Jun 23 2023 07:51:26 GMT+0800 (China Standard Time)"
"error","167.172.53.148:0","PHP Fatal error:  Uncaught Error: Undefined constant ""get_the_permalink"" in /nas/content/live/westcoastdentl/wp-content/themes/astra-child/header.php:47\nStack trace:\n#0 /nas/content/live/westcoastdentl/wp-includes/template.php(783): require_once()\n#1 /nas/content/live/westcoastdentl/wp-includes/template.php(718): load_template('/nas/content/li...', true, Array)\n#2 /nas/content/live/westcoastdentl/wp-includes/general-template.php(48): locate_template(Array, true, true, Array)\n#3 /nas/content/live/westcoastdentl/wp-content/themes/astra/page.php(20): get_header()\n#4 /nas/content/live/westcoastdentl/wp-includes/template-loader.php(106): include('/nas/content/li...')\n#5 /nas/content/live/westcoastdentl/wp-blog-header.php(19): require_once('/nas/content/li...')\n#6 /nas/content/live/westcoastdentl/index.php(17): require('/nas/content/li...')\n#7 {main}\n  thrown in /nas/content/live/westcoastdentl/wp-content/themes/astra-child/header.php on line 47","Fri Jun 23 2023 07:44:43 GMT+0800 (China Standard Time)"